<?xml version="1.0" encoding="UTF-8"?>
<beans xmlns="http://www.springframework.org/schema/beans"
  xmlns:xsi="http://www.w3.org/2001/XMLSchema-instance"
  xmlns:context="http://www.springframework.org/schema/context"
  xmlns:mvc="http://www.springframework.org/schema/mvc" 
  xmlns:mongo="http://www.springframework.org/schema/data/mongo"
  xmlns:util="http://www.springframework.org/schema/util"
  xsi:schemaLocation="http://www.springframework.org/schema/beans
    http://www.springframework.org/schema/beans/spring-beans-3.0.xsd
    http://www.springframework.org/schema/context
    http://www.springframework.org/schema/context/spring-context-3.1.xsd
    http://www.springframework.org/schema/data/mongo
    http://www.springframework.org/schema/data/mongo/spring-mongo-1.0.xsd
    http://www.springframework.org/schema/util 
    http://www.springframework.org/schema/util/spring-util.xsd
    http://www.springframework.org/schema/mvc
    http://www.springframework.org/schema/mvc/spring-mvc-3.0.xsd">

  <context:annotation-config></context:annotation-config>
  
  <bean id="mongoTemplate" class="org.springframework.data.mongodb.core.MongoTemplate">
  	<constructor-arg>
	    <bean class="com.mongodb.MongoClient">
	       <constructor-arg value="localhost" />
	       <constructor-arg value="27017" />
	    </bean>
  	</constructor-arg>
  	<constructor-arg name="databaseName" value="MongoDBDoc" />
  	<constructor-arg name="userCredentials" ref="userCredential" />
  	<property name="writeResultChecking" value="EXCEPTION"></property>
  	<property name="writeConcern">
            <util:constant static-field="com.mongodb.WriteConcern.SAFE" ></util:constant>
    </property>
  </bean>
  
  <bean id="userCredential" class="org.springframework.data.authentication.UserCredentials">
  	<constructor-arg name="username" value=""/>
  	<constructor-arg name="password" value=""/>
  </bean>
  
  <mongo:repositories base-package="mongodb.reporitories"></mongo:repositories>
  
  <bean id="mongodbDAO" class="mongodb.dao.MongoDBDAOImpl">
  	<constructor-arg ref="mongoTemplate"/>
  	<constructor-arg ref="logRepository"/>
  	<constructor-arg ref="switchRepository"/>
  </bean>
  
</beans>